sample	location	date	pos	gene	base	cov	var	frac	dama	deda	lefi	hahy	uncr	kele	dibu	gata	pere	hapa	imvi	moun	mado	edta	cuoa	paim	coha	pode	oure	pafo	chst	radi	glsa	sptr	umem	anth	cash	emse	stca	pesp	wisu	slan	vesw	muan
Mixture09	Mixture09	2023-05-05	405	ORF1ab	G	800	5	0.00625														mut																				
Mixture09	Mixture09	2023-05-05	733	ORF1ab	C	800	3	0.00375																																mut		
Mixture09	Mixture09	2023-05-05	772	ORF1ab	C	800	7	0.00875	mut																																	
Mixture09	Mixture09	2023-05-05	832	ORF1ab	T	800	5	0.00625																													mut					
Mixture09	Mixture09	2023-05-05	835	ORF1ab	T	800	0	0.0																								mut										
Mixture09	Mixture09	2023-05-05	897	ORF1ab	A	1595	2	0.0012539184952978057																		mut																
Mixture09	Mixture09	2023-05-05	1059	ORF1ab	T	800	4	0.005																											mut							
Mixture09	Mixture09	2023-05-05	1321	ORF1ab	C	1599	1	0.0006253908692933083																									mut									
Mixture09	Mixture09	2023-05-05	1498	ORF1ab	T	800	7	0.00875																							mut											
Mixture09	Mixture09	2023-05-05	1807	ORF1ab	G	1590	18	0.011320754716981131																							mut											
Mixture09	Mixture09	2023-05-05	1820	ORF1ab	A	1578	49	0.031051964512040557	mut																																	
Mixture09	Mixture09	2023-05-05	2037	ORF1ab	T	800	29	0.03625	mut																																	
Mixture09	Mixture09	2023-05-05	2334	ORF1ab	T	800	17	0.02125																															mut			
Mixture09	Mixture09	2023-05-05	2749	ORF1ab	T	800	3	0.00375																																mut		
Mixture09	Mixture09	2023-05-05	2790	ORF1ab	T	800	6	0.0075											mut																							
Mixture09	Mixture09	2023-05-05	2832	ORF1ab	G	800	2	0.0025									mut										mut															
Mixture09	Mixture09	2023-05-05	2945	ORF1ab	A	800	7	0.00875																	mut																	
Mixture09	Mixture09	2023-05-05	3241	ORF1ab	T	800	11	0.01375																			mut															
Mixture09	Mixture09	2023-05-05	3267	ORF1ab	T	800	9	0.01125		mut																																
Mixture09	Mixture09	2023-05-05	3428	ORF1ab	G	1596	15	0.009398496240601503						mut																												
Mixture09	Mixture09	2023-05-05	3457	ORF1ab	T	1590	9	0.005660377358490566										mut																								
Mixture09	Mixture09	2023-05-05	3743	ORF1ab	T	800	3	0.00375	mut																																	
Mixture09	Mixture09	2023-05-05	3796	ORF1ab	T	1598	17	0.010638297872340425																mut																		
Mixture09	Mixture09	2023-05-05	3828	ORF1ab	T	1577	13	0.008243500317057704																																mut		
Mixture09	Mixture09	2023-05-05	3857	ORF1ab	A	1472	2	0.001358695652173913								mut																										
Mixture09	Mixture09	2023-05-05	3927	ORF1ab	T	800	4	0.005																mut																		
Mixture09	Mixture09	2023-05-05	3961	ORF1ab	T	800	2	0.0025																										mut								
Mixture09	Mixture09	2023-05-05	4586	ORF1ab	T	800	2	0.0025																mut																		
Mixture09	Mixture09	2023-05-05	4878	ORF1ab	T	0	0							mut																												
Mixture09	Mixture09	2023-05-05	4926	ORF1ab	G	0	0																																			mut
Mixture09	Mixture09	2023-05-05	4940	ORF1ab	T	0	0																						mut													
Mixture09	Mixture09	2023-05-05	4965	ORF1ab	T	0	0											mut																								
Mixture09	Mixture09	2023-05-05	5183	ORF1ab	T	800	1	0.00125																mut																		
Mixture09	Mixture09	2023-05-05	5184	ORF1ab	T	800	0	0.0	mut																																	
Mixture09	Mixture09	2023-05-05	5230	ORF1ab	T	800	10	0.0125																											mut							
Mixture09	Mixture09	2023-05-05	5388	ORF1ab	A	1600	8	0.005		mut																																
Mixture09	Mixture09	2023-05-05	5648	ORF1ab	C	800	0	0.0																																mut		
Mixture09	Mixture09	2023-05-05	5924	ORF1ab	A	1586	10	0.006305170239596469																			mut															
Mixture09	Mixture09	2023-05-05	6037	ORF1ab	T	800	15	0.01875						mut																												
Mixture09	Mixture09	2023-05-05	6954	ORF1ab	C	800	7	0.00875		mut																																
Mixture09	Mixture09	2023-05-05	7296	ORF1ab	T	800	15	0.01875																								mut										
Mixture09	Mixture09	2023-05-05	7424	ORF1ab	G	800	1	0.00125																														mut				
Mixture09	Mixture09	2023-05-05	7479	ORF1ab	G	1600	9	0.005625	mut																																	
Mixture09	Mixture09	2023-05-05	7564	ORF1ab	A	800	3	0.00375																																		mut
Mixture09	Mixture09	2023-05-05	7798	ORF1ab	T	800	1	0.00125																										mut								
Mixture09	Mixture09	2023-05-05	7842	ORF1ab	G	800	13	0.01625																		mut																
Mixture09	Mixture09	2023-05-05	7843	ORF1ab	T	800	13	0.01625					mut																													
Mixture09	Mixture09	2023-05-05	7851	ORF1ab	T	800	2	0.0025															mut																			
Mixture09	Mixture09	2023-05-05	8140	ORF1ab	T	800	3	0.00375			mut																															
Mixture09	Mixture09	2023-05-05	8208	ORF1ab	T	800	3	0.00375																								mut										
Mixture09	Mixture09	2023-05-05	8393	ORF1ab	A	800	6	0.0075									mut										mut															
Mixture09	Mixture09	2023-05-05	8593	ORF1ab	C	800	5	0.00625																							mut											
Mixture09	Mixture09	2023-05-05	8704	ORF1ab	C	800	1	0.00125																	mut																	
Mixture09	Mixture09	2023-05-05	8723	ORF1ab	G	1597	9	0.005635566687539136																									mut									
Mixture09	Mixture09	2023-05-05	8986	ORF1ab	T	800	11	0.01375																	mut																	
Mixture09	Mixture09	2023-05-05	9072	ORF1ab	T	800	4	0.005																										mut								
Mixture09	Mixture09	2023-05-05	9203	ORF1ab	A	1563	2	0.0012795905310300703																				mut														
Mixture09	Mixture09	2023-05-05	9565	ORF1ab	T	799	3	0.0037546933667083854																							mut											
Mixture09	Mixture09	2023-05-05	9857	ORF1ab	T	0	0																															mut				
Mixture09	Mixture09	2023-05-05	9866	ORF1ab	T	0	0												mut																							
Mixture09	Mixture09	2023-05-05	9867	ORF1ab	C	0	0																															mut				mut
Mixture09	Mixture09	2023-05-05	9891	ORF1ab	T	0	0		mut																									mut								
Mixture09	Mixture09	2023-05-05	10029	ORF1ab	T	3	0	0.0																														mut				
Mixture09	Mixture09	2023-05-05	10323	ORF1ab	G	804	13	0.01616915422885572																											mut							
Mixture09	Mixture09	2023-05-05	10634	ORF1ab	T	800	0	0.0																								mut										
Mixture09	Mixture09	2023-05-05	10667	ORF1ab	G	800	1	0.00125													mut																					
Mixture09	Mixture09	2023-05-05	11201	ORF1ab	G	1593	6	0.003766478342749529										mut																								
Mixture09	Mixture09	2023-05-05	11230	ORF1ab	T	1588	1	0.0006297229219143577																					mut													
Mixture09	Mixture09	2023-05-05	11235	ORF1ab	T	1584	22	0.013888888888888888																													mut					
Mixture09	Mixture09	2023-05-05	11266	ORF1ab	T	800	1	0.00125																					mut													
Mixture09	Mixture09	2023-05-05	11288	ORF1ab	-	800	3	0.00375	extra																									extra	extra			extra		extra		
Mixture09	Mixture09	2023-05-05	11289	ORF1ab	-	800	3	0.00375	extra																									extra	extra			extra		extra		
Mixture09	Mixture09	2023-05-05	11290	ORF1ab	-	800	1	0.00125	extra																									extra	extra			extra		extra		
Mixture09	Mixture09	2023-05-05	11291	ORF1ab	-	800	6	0.0075	extra																									extra	extra			extra		extra		
Mixture09	Mixture09	2023-05-05	11292	ORF1ab	-	800	1	0.00125	extra																									extra	extra			extra		extra		
Mixture09	Mixture09	2023-05-05	11293	ORF1ab	-	800	54	0.0675	extra																									extra	extra			extra		extra		
Mixture09	Mixture09	2023-05-05	11294	ORF1ab	-	800	1	0.00125	extra																									extra	extra			extra		extra		
Mixture09	Mixture09	2023-05-05	11295	ORF1ab	-	800	0	0.0	extra																									extra	extra			extra		extra		
Mixture09	Mixture09	2023-05-05	11296	ORF1ab	-	800	16	0.02	extra																									extra	extra			extra		extra		
Mixture09	Mixture09	2023-05-05	11308	ORF1ab	A	800	1	0.00125																																		mut
Mixture09	Mixture09	2023-05-05	11322	ORF1ab	T	800	4	0.005																								mut										
Mixture09	Mixture09	2023-05-05	11325	ORF1ab	T	800	3	0.00375																				mut														
Mixture09	Mixture09	2023-05-05	11451	ORF1ab	G	1600	6	0.00375						mut																												
Mixture09	Mixture09	2023-05-05	11503	ORF1ab	C	1600	3	0.001875	mut																																	
Mixture09	Mixture09	2023-05-05	11521	ORF1ab	T	1600	5	0.003125																					mut													
Mixture09	Mixture09	2023-05-05	11537	ORF1ab	G	1600	11	0.006875									mut																									
Mixture09	Mixture09	2023-05-05	11750	ORF1ab	T	800	6	0.0075				mut																														
Mixture09	Mixture09	2023-05-05	11824	ORF1ab	T	799	5	0.006257822277847309													mut																					
Mixture09	Mixture09	2023-05-05	12049	ORF1ab	T	800	12	0.015																																		mut
Mixture09	Mixture09	2023-05-05	12053	ORF1ab	T	800	14	0.0175																																		mut
Mixture09	Mixture09	2023-05-05	12160	ORF1ab	A	800	4	0.005							mut															mut												
Mixture09	Mixture09	2023-05-05	12444	ORF1ab	G	800	2	0.0025																mut																		
Mixture09	Mixture09	2023-05-05	12730	ORF1ab	A	1585	16	0.010094637223974764				mut																														
Mixture09	Mixture09	2023-05-05	12778	ORF1ab	T	800	6	0.0075																																mut		
Mixture09	Mixture09	2023-05-05	12964	ORF1ab	G	800	7	0.00875													mut																					
Mixture09	Mixture09	2023-05-05	13057	ORF1ab	T	799	1	0.0012515644555694619						mut																												
Mixture09	Mixture09	2023-05-05	13195	ORF1ab	C	800	4	0.005									mut																									
Mixture09	Mixture09	2023-05-05	13617	ORF1ab	A	800	2	0.0025																	mut																	
Mixture09	Mixture09	2023-05-05	13860	ORF1ab	T	800	16	0.02																																mut		
Mixture09	Mixture09	2023-05-05	14257	ORF1ab	C	800	3	0.00375												mut																						
Mixture09	Mixture09	2023-05-05	14407	ORF1ab	T	1549	11	0.0071013557133634605																									mut									
Mixture09	Mixture09	2023-05-05	14408	ORF1ab	T	1549	11	0.0071013557133634605																									mut									
Mixture09	Mixture09	2023-05-05	14409	ORF1ab	T	1546	1469	0.9501940491591203																									mut									
Mixture09	Mixture09	2023-05-05	14599	ORF1ab	T	800	8	0.01			mut																mut															
Mixture09	Mixture09	2023-05-05	14740	ORF1ab	G	797	0	0.0	mut																																	
Mixture09	Mixture09	2023-05-05	15240	ORF1ab	T	800	23	0.02875									mut																									
Mixture09	Mixture09	2023-05-05	15756	ORF1ab	A	800	0	0.0																		mut																
Mixture09	Mixture09	2023-05-05	16293	ORF1ab	T	800	12	0.015																								mut										
Mixture09	Mixture09	2023-05-05	16549	ORF1ab	T	800	3	0.00375																				mut														
Mixture09	Mixture09	2023-05-05	16852	ORF1ab	T	800	0	0.0																	mut																	
Mixture09	Mixture09	2023-05-05	17124	ORF1ab	C	1600	7	0.004375																																	mut	
Mixture09	Mixture09	2023-05-05	17339	ORF1ab	T	800	3	0.00375																																		mut
Mixture09	Mixture09	2023-05-05	17523	ORF1ab	T	1599	2	0.0012507817385866166										mut																								
Mixture09	Mixture09	2023-05-05	17859	ORF1ab	C	800	4	0.005														mut																				
Mixture09	Mixture09	2023-05-05	18171	ORF1ab	T	800	50	0.0625																							mut											
Mixture09	Mixture09	2023-05-05	18395	ORF1ab	T	1586	22	0.013871374527112233	mut																																	
Mixture09	Mixture09	2023-05-05	18492	ORF1ab	G	800	13	0.01625																															mut			
Mixture09	Mixture09	2023-05-05	18583	ORF1ab	A	800	16	0.02								mut																										
Mixture09	Mixture09	2023-05-05	18703	ORF1ab	T	800	3	0.00375				mut																														
Mixture09	Mixture09	2023-05-05	19326	ORF1ab	G	800	2	0.0025														mut																				
Mixture09	Mixture09	2023-05-05	20148	ORF1ab	T	2	0	0.0						mut																												
Mixture09	Mixture09	2023-05-05	20396	ORF1ab	G	802	15	0.018703241895261846										mut																								
Mixture09	Mixture09	2023-05-05	20578	ORF1ab	A	800	6	0.0075																										mut								
Mixture09	Mixture09	2023-05-05	20724	ORF1ab	G	800	6	0.0075																							mut											
Mixture09	Mixture09	2023-05-05	20741	ORF1ab	G	800	7	0.00875								mut																										
Mixture09	Mixture09	2023-05-05	21597	S	T	1600	3	0.001875																				mut														
Mixture09	Mixture09	2023-05-05	21618	S	G	1600	4	0.0025																								mut				mut						
Mixture09	Mixture09	2023-05-05	21621	S	A	1600	11	0.006875																																mut		
Mixture09	Mixture09	2023-05-05	21638	S	T	1600	36	0.0225																																mut		
Mixture09	Mixture09	2023-05-05	21641	S	T	1600	6	0.00375																									mut									
Mixture09	Mixture09	2023-05-05	21717	S	G	1587	24	0.015122873345935728																							mut											
Mixture09	Mixture09	2023-05-05	21718	S	T	1587	12	0.007561436672967864																															mut			
Mixture09	Mixture09	2023-05-05	21762	S	T	800	0	0.0																													mut					
Mixture09	Mixture09	2023-05-05	21765	S	-	800	15	0.01875		extra																		extra														
Mixture09	Mixture09	2023-05-05	21766	S	-	800	20	0.025		extra																		extra														
Mixture09	Mixture09	2023-05-05	21767	S	-	800	20	0.025		extra																		extra														
Mixture09	Mixture09	2023-05-05	21768	S	-	800	14	0.0175		extra																		extra														
Mixture09	Mixture09	2023-05-05	21769	S	-	800	21	0.02625		extra																		extra														
Mixture09	Mixture09	2023-05-05	21770	S	-	800	24	0.03		extra																		extra														
Mixture09	Mixture09	2023-05-05	21801	S	C	800	2	0.0025																											mut							
Mixture09	Mixture09	2023-05-05	21801	S	G	800	3	0.00375	mut																																	
Mixture09	Mixture09	2023-05-05	21810	S	C	800	1	0.00125														mut																				
Mixture09	Mixture09	2023-05-05	21846	S	T	800	8	0.01	mut					mut																				mut								
Mixture09	Mixture09	2023-05-05	21867	S	T	800	1	0.00125																					mut													
Mixture09	Mixture09	2023-05-05	21981	S	-	1600	22	0.01375																																		extra
Mixture09	Mixture09	2023-05-05	21982	S	-	1600	4	0.0025																																		extra
Mixture09	Mixture09	2023-05-05	21983	S	-	1600	7	0.004375																																		extra
Mixture09	Mixture09	2023-05-05	21984	S	-	1600	14	0.00875																																		extra
Mixture09	Mixture09	2023-05-05	21985	S	-	1600	61	0.038125																																		extra
Mixture09	Mixture09	2023-05-05	21986	S	-	1600	18	0.01125																																		extra
Mixture09	Mixture09	2023-05-05	21987	S	A	1600	21	0.013125	mut																																	
Mixture09	Mixture09	2023-05-05	21987	S	-	1600	11	0.006875																																		extra
Mixture09	Mixture09	2023-05-05	21988	S	-	1600	12	0.0075																																		extra
Mixture09	Mixture09	2023-05-05	21989	S	-	1600	12	0.0075																																		extra
Mixture09	Mixture09	2023-05-05	21991	S	-	1600	14	0.00875	extra	extra																								extra								
Mixture09	Mixture09	2023-05-05	21992	S	-	1600	19	0.011875	extra	extra																								extra								
Mixture09	Mixture09	2023-05-05	21993	S	-	1600	25	0.015625	extra	extra																								extra								
Mixture09	Mixture09	2023-05-05	21995	S	C	1600	10	0.00625															mut																			
Mixture09	Mixture09	2023-05-05	22016	S	A	1599	0	0.0																				mut														
Mixture09	Mixture09	2023-05-05	22033	S	A	1594	7	0.00439146800501882																					mut													
Mixture09	Mixture09	2023-05-05	22101	S	T	800	1	0.00125				mut																														
Mixture09	Mixture09	2023-05-05	22190	S	G	800	11	0.01375																mut																		
Mixture09	Mixture09	2023-05-05	22200	S	A	800	1	0.00125														mut																				
Mixture09	Mixture09	2023-05-05	22200	S	G	800	2	0.0025																			mut															
Mixture09	Mixture09	2023-05-05	22206	S	G	800	7	0.00875																											mut							
Mixture09	Mixture09	2023-05-05	22227	S	T	800	5	0.00625															mut																			
Mixture09	Mixture09	2023-05-05	22281	S	-	800	4	0.005																											extra							
Mixture09	Mixture09	2023-05-05	22282	S	-	800	27	0.03375																											extra							
Mixture09	Mixture09	2023-05-05	22283	S	-	800	9	0.01125																											extra							
Mixture09	Mixture09	2023-05-05	22284	S	-	800	9	0.01125																											extra							
Mixture09	Mixture09	2023-05-05	22285	S	-	800	12	0.015																											extra							
Mixture09	Mixture09	2023-05-05	22286	S	-	800	11	0.01375																											extra							
Mixture09	Mixture09	2023-05-05	22287	S	-	800	19	0.02375																											extra							
Mixture09	Mixture09	2023-05-05	22288	S	-	800	12	0.015																											extra							
Mixture09	Mixture09	2023-05-05	22289	S	-	800	13	0.01625																											extra							
Mixture09	Mixture09	2023-05-05	22299	S	-	800	33	0.04125																														extra				
Mixture09	Mixture09	2023-05-05	22300	S	-	800	26	0.0325																														extra				
Mixture09	Mixture09	2023-05-05	22301	S	-	800	7	0.00875																														extra				
Mixture09	Mixture09	2023-05-05	22302	S	-	800	14	0.0175																														extra				
Mixture09	Mixture09	2023-05-05	22303	S	-	800	14	0.0175																														extra				
Mixture09	Mixture09	2023-05-05	22304	S	-	800	5	0.00625																														extra				
Mixture09	Mixture09	2023-05-05	22305	S	-	800	29	0.03625																														extra				
Mixture09	Mixture09	2023-05-05	22306	S	-	800	11	0.01375																														extra				
Mixture09	Mixture09	2023-05-05	22307	S	-	800	0	0.0																														extra				
Mixture09	Mixture09	2023-05-05	22308	S	-	800	1	0.00125																														extra				
Mixture09	Mixture09	2023-05-05	22309	S	-	800	2	0.0025																														extra				
Mixture09	Mixture09	2023-05-05	22310	S	-	800	9	0.01125																														extra				
Mixture09	Mixture09	2023-05-05	22311	S	-	800	18	0.0225																														extra				
Mixture09	Mixture09	2023-05-05	22312	S	-	800	18	0.0225																														extra				
Mixture09	Mixture09	2023-05-05	22313	S	-	800	96	0.12																														extra				
Mixture09	Mixture09	2023-05-05	22314	S	-	800	6	0.0075																														extra				
Mixture09	Mixture09	2023-05-05	22315	S	-	800	17	0.02125																														extra				
Mixture09	Mixture09	2023-05-05	22316	S	-	800	20	0.025																														extra				
Mixture09	Mixture09	2023-05-05	22317	S	-	800	5	0.00625																														extra				
Mixture09	Mixture09	2023-05-05	22318	S	-	800	3	0.00375																														extra				
Mixture09	Mixture09	2023-05-05	22319	S	-	800	5	0.00625																														extra				
Mixture09	Mixture09	2023-05-05	22331	S	A	800	16	0.02																mut																		
Mixture09	Mixture09	2023-05-05	22388	S	T	1600	7	0.004375																	mut																	
Mixture09	Mixture09	2023-05-05	22556	S	G	800	11	0.01375																		mut																
Mixture09	Mixture09	2023-05-05	22577	S	C	800	1	0.00125																mut																		
Mixture09	Mixture09	2023-05-05	22578	S	A	800	10	0.0125																mut																		
Mixture09	Mixture09	2023-05-05	22579	S	T	800	783	0.97875																mut																		
Mixture09	Mixture09	2023-05-05	22599	S	A	800	5	0.00625						mut																												
Mixture09	Mixture09	2023-05-05	22599	S	C	800	1	0.00125			mut																															
Mixture09	Mixture09	2023-05-05	22600	S	C	800	0	0.0																				mut														
Mixture09	Mixture09	2023-05-05	22661	S	T	800	2	0.0025																					mut													
Mixture09	Mixture09	2023-05-05	22687	S	T	800	3	0.00375	mut																																	
Mixture09	Mixture09	2023-05-05	22775	S	A	800	13	0.01625																			mut										mut					
Mixture09	Mixture09	2023-05-05	22812	S	C	1596	2	0.0012531328320802004																																mut		
Mixture09	Mixture09	2023-05-05	22879	S	G	800	1	0.00125	mut																																	
Mixture09	Mixture09	2023-05-05	22893	S	C	800	3	0.00375								mut				mut																						
Mixture09	Mixture09	2023-05-05	22895	S	C	800	0	0.0																		mut																
Mixture09	Mixture09	2023-05-05	22896	S	A	800	1	0.00125																		mut																
Mixture09	Mixture09	2023-05-05	22897	S	T	800	782	0.9775																		mut																
Mixture09	Mixture09	2023-05-05	22917	S	A	800	1	0.00125																														mut				
Mixture09	Mixture09	2023-05-05	22917	S	G	800	0	0.0								mut		mut										mut				mut										
Mixture09	Mixture09	2023-05-05	22930	S	A	800	0	0.0																															mut			
Mixture09	Mixture09	2023-05-05	22942	S	A	800	1	0.00125												mut																						
Mixture09	Mixture09	2023-05-05	22942	S	G	800	0	0.0														mut		mut																		
Mixture09	Mixture09	2023-05-05	22995	S	A	800	3	0.00375																												mut						
Mixture09	Mixture09	2023-05-05	22995	S	G	800	2	0.0025				mut																														
Mixture09	Mixture09	2023-05-05	23012	S	A	800	5	0.00625	mut				mut	mut							mut				mut				mut		mut			mut	mut					mut		mut
Mixture09	Mixture09	2023-05-05	23012	S	C	800	2	0.0025										mut														mut										
Mixture09	Mixture09	2023-05-05	23018	S	G	800	0	0.0							mut															mut												
Mixture09	Mixture09	2023-05-05	23019	S	C	800	1	0.00125														mut																				
Mixture09	Mixture09	2023-05-05	23031	S	C	800	0	0.0														mut																mut				
Mixture09	Mixture09	2023-05-05	23040	S	G	800	2	0.0025											mut																							
Mixture09	Mixture09	2023-05-05	23048	S	A	800	4	0.005																									mut									
Mixture09	Mixture09	2023-05-05	23063	S	T	800	2	0.0025		mut																									mut					mut		mut
Mixture09	Mixture09	2023-05-05	23202	S	A	1585	2	0.0012618296529968455									mut																									
Mixture09	Mixture09	2023-05-05	23271	S	A	1567	13	0.008296107211231652		mut																																
Mixture09	Mixture09	2023-05-05	23287	S	C	1560	36	0.023076923076923078																										mut								
Mixture09	Mixture09	2023-05-05	23341	S	C	800	10	0.0125																																		mut
Mixture09	Mixture09	2023-05-05	23401	S	T	800	3	0.00375																					mut													
Mixture09	Mixture09	2023-05-05	23535	S	G	800	12	0.015			mut																															
Mixture09	Mixture09	2023-05-05	23593	S	C	1599	6	0.00375234521575985																							mut											
Mixture09	Mixture09	2023-05-05	23593	S	T	1599	4	0.0025015634771732333																				mut														
Mixture09	Mixture09	2023-05-05	23604	S	A	1596	6	0.0037593984962406013	mut	mut				mut																				mut								mut
Mixture09	Mixture09	2023-05-05	23604	S	G	1596	0	0.0										mut											mut			mut				mut						
Mixture09	Mixture09	2023-05-05	23664	S	T	1542	22	0.014267185473411154																											mut							
Mixture09	Mixture09	2023-05-05	23709	S	T	800	21	0.02625		mut																																
Mixture09	Mixture09	2023-05-05	23854	S	A	800	4	0.005																									mut									
Mixture09	Mixture09	2023-05-05	23948	S	C	800	0	0.0																										mut								
Mixture09	Mixture09	2023-05-05	24130	S	A	800	0	0.0									mut																									
Mixture09	Mixture09	2023-05-05	24138	S	A	800	0	0.0																														mut				
Mixture09	Mixture09	2023-05-05	24187	S	A	800	4	0.005																																		mut
Mixture09	Mixture09	2023-05-05	24224	S	C	800	1	0.00125																							mut											
Mixture09	Mixture09	2023-05-05	24257	S	T	800	2	0.0025																				mut														
Mixture09	Mixture09	2023-05-05	24410	S	A	1599	6	0.00375234521575985																								mut										
Mixture09	Mixture09	2023-05-05	24503	S	T	1571	7	0.004455760661998727									mut																mut									
Mixture09	Mixture09	2023-05-05	24506	S	G	1571	3	0.0019096117122851686		mut																																
Mixture09	Mixture09	2023-05-05	24642	S	T	800	5	0.00625																																mut		
Mixture09	Mixture09	2023-05-05	24748	S	T	800	3	0.00375																							mut											
Mixture09	Mixture09	2023-05-05	24836	S	A	799	5	0.006257822277847309																																		mut
Mixture09	Mixture09	2023-05-05	24863	S	T	798	12	0.015037593984962405																																		mut
Mixture09	Mixture09	2023-05-05	24914	S	C	790	0	0.0		mut																																
Mixture09	Mixture09	2023-05-05	24950	S	G	0	0		mut																																	
Mixture09	Mixture09	2023-05-05	24977	S	C	0	0		mut																																	
Mixture09	Mixture09	2023-05-05	25088	S	T	0	0																																			mut
Mixture09	Mixture09	2023-05-05	25276	S	A	800	6	0.0075																										mut								
Mixture09	Mixture09	2023-05-05	25469	ORF3a	T	800	6	0.0075										mut																		mut						
Mixture09	Mixture09	2023-05-05	25563	ORF3a	T	1600	2	0.00125																											mut							
Mixture09	Mixture09	2023-05-05	25667	ORF3a	T	1588	28	0.017632241813602016																									mut									
Mixture09	Mixture09	2023-05-05	25855	ORF3a	T	800	1	0.00125																									mut									
Mixture09	Mixture09	2023-05-05	25904	ORF3a	T	800	7	0.00875																											mut							
Mixture09	Mixture09	2023-05-05	26158	ORF3a	-	800	3	0.00375	extra					extra																												
Mixture09	Mixture09	2023-05-05	26159	ORF3a	-	800	0	0.0	extra					extra																												
Mixture09	Mixture09	2023-05-05	26160	ORF3a	-	800	0	0.0	extra					extra																												
Mixture09	Mixture09	2023-05-05	26161	ORF3a	-	800	9	0.01125	extra					extra																												
Mixture09	Mixture09	2023-05-05	26275	E	G	800	10	0.0125														mut		mut																		
Mixture09	Mixture09	2023-05-05	26305	E	T	800	8	0.01																							mut											
Mixture09	Mixture09	2023-05-05	26456	E	T	1585	30	0.01892744479495268																											mut							
Mixture09	Mixture09	2023-05-05	26492		T	1566	1	0.0006385696040868455						mut																												
Mixture09	Mixture09	2023-05-05	26529	M	A	800	43	0.05375							mut																											
Mixture09	Mixture09	2023-05-05	26529	M	C	800	0	0.0																		mut																
Mixture09	Mixture09	2023-05-05	26530	M	G	800	6	0.0075									mut																									
Mixture09	Mixture09	2023-05-05	26709	M	A	1600	163	0.101875	mut																																	
Mixture09	Mixture09	2023-05-05	26767	M	C	1600	11	0.006875																				mut			mut			mut		mut						
Mixture09	Mixture09	2023-05-05	27038	M	G	800	3	0.00375							mut																											
Mixture09	Mixture09	2023-05-05	27092	M	T	800	14	0.0175					mut																													
Mixture09	Mixture09	2023-05-05	27297	ORF6	T	800	5	0.00625	mut																																	
Mixture09	Mixture09	2023-05-05	27382	ORF6	C	800	1	0.00125											mut								mut															
Mixture09	Mixture09	2023-05-05	27383	ORF6	T	800	2	0.0025											mut								mut															
Mixture09	Mixture09	2023-05-05	27384	ORF6	C	800	4	0.005											mut								mut					mut										
Mixture09	Mixture09	2023-05-05	27638	ORF7a	C	1575	41	0.02603174603174603										mut														mut										
Mixture09	Mixture09	2023-05-05	27752	ORF7a	T	800	10	0.0125																												mut						
Mixture09	Mixture09	2023-05-05	27788	ORF7b	T	800	9	0.01125																						mut												
Mixture09	Mixture09	2023-05-05	27888		-	1600	6	0.00375																										extra								
Mixture09	Mixture09	2023-05-05	27889		T	1600	5	0.003125							mut																											
Mixture09	Mixture09	2023-05-05	27889		-	1600	8	0.005																										extra								
Mixture09	Mixture09	2023-05-05	27890		-	1600	13	0.008125																										extra								
Mixture09	Mixture09	2023-05-05	27891		-	1600	12	0.0075																										extra								
Mixture09	Mixture09	2023-05-05	27892		-	1600	4	0.0025																										extra								
Mixture09	Mixture09	2023-05-05	27893	ORF8	-	1600	5	0.003125																										extra								
Mixture09	Mixture09	2023-05-05	27894	ORF8	-	1600	6	0.00375																										extra								
Mixture09	Mixture09	2023-05-05	27895	ORF8	-	1600	17	0.010625																										extra								
Mixture09	Mixture09	2023-05-05	27896	ORF8	-	1600	17	0.010625																										extra								
Mixture09	Mixture09	2023-05-05	27897	ORF8	C	1600	4	0.0025																																		mut
Mixture09	Mixture09	2023-05-05	27897	ORF8	-	1600	16	0.01																										extra								
Mixture09	Mixture09	2023-05-05	27898	ORF8	-	1600	8	0.005																										extra								
Mixture09	Mixture09	2023-05-05	27899	ORF8	-	1600	11	0.006875																										extra								
Mixture09	Mixture09	2023-05-05	27900	ORF8	-	1600	29	0.018125																										extra								
Mixture09	Mixture09	2023-05-05	27901	ORF8	-	1600	14	0.00875																										extra								
Mixture09	Mixture09	2023-05-05	27902	ORF8	-	1600	24	0.015																										extra								
Mixture09	Mixture09	2023-05-05	27915	ORF8	T	1599	0	0.0																																	mut	
Mixture09	Mixture09	2023-05-05	27923	ORF8	-	1599	14	0.008755472170106316																	extra																	
Mixture09	Mixture09	2023-05-05	27924	ORF8	-	1599	15	0.009380863039399626																	extra																	
Mixture09	Mixture09	2023-05-05	27925	ORF8	A	1599	7	0.004377736085053158						mut																												
Mixture09	Mixture09	2023-05-05	27925	ORF8	-	1599	7	0.004377736085053158																	extra																	
Mixture09	Mixture09	2023-05-05	27926	ORF8	-	1599	9	0.005628517823639775																	extra																	
Mixture09	Mixture09	2023-05-05	27927	ORF8	-	1599	3	0.001876172607879925																	extra																	
Mixture09	Mixture09	2023-05-05	27928	ORF8	-	1599	10	0.006253908692933083																	extra																	
Mixture09	Mixture09	2023-05-05	27929	ORF8	-	1599	14	0.008755472170106316																	extra																	
Mixture09	Mixture09	2023-05-05	27930	ORF8	-	1599	27	0.016885553470919325																	extra																	
Mixture09	Mixture09	2023-05-05	27931	ORF8	-	1599	11	0.0068792995622263915																	extra																	
Mixture09	Mixture09	2023-05-05	27932	ORF8	-	1599	18	0.01125703564727955																	extra																	
Mixture09	Mixture09	2023-05-05	27933	ORF8	-	1599	41	0.02564102564102564																	extra																	
Mixture09	Mixture09	2023-05-05	27934	ORF8	-	1599	51	0.03189493433395872																	extra																	
Mixture09	Mixture09	2023-05-05	27935	ORF8	-	1599	36	0.0225140712945591																	extra																	
Mixture09	Mixture09	2023-05-05	27936	ORF8	-	1599	23	0.014383989993746092																	extra																	
Mixture09	Mixture09	2023-05-05	27937	ORF8	-	1599	22	0.013758599124452783																	extra																	
Mixture09	Mixture09	2023-05-05	27938	ORF8	-	1599	20	0.012507817385866166																	extra																	
Mixture09	Mixture09	2023-05-05	27939	ORF8	-	1599	9	0.005628517823639775																	extra																	
Mixture09	Mixture09	2023-05-05	27940	ORF8	-	1599	5	0.0031269543464665416																	extra																	
Mixture09	Mixture09	2023-05-05	27941	ORF8	-	1599	8	0.0050031269543464665																	extra																	
Mixture09	Mixture09	2023-05-05	27942	ORF8	-	1599	26	0.016260162601626018																	extra																	
Mixture09	Mixture09	2023-05-05	27943	ORF8	-	1598	25	0.015644555694618274																	extra																	
Mixture09	Mixture09	2023-05-05	27944	ORF8	-	1598	28	0.017521902377972465																	extra																	
Mixture09	Mixture09	2023-05-05	27945	ORF8	-	1598	12	0.007509386733416771																	extra																	
Mixture09	Mixture09	2023-05-05	27946	ORF8	-	1598	40	0.025031289111389236																	extra																	
Mixture09	Mixture09	2023-05-05	27947	ORF8	-	1598	12	0.007509386733416771																	extra																	
Mixture09	Mixture09	2023-05-05	27948	ORF8	-	1598	15	0.009386733416770964																	extra																	
Mixture09	Mixture09	2023-05-05	27949	ORF8	-	1598	17	0.010638297872340425																	extra																	
Mixture09	Mixture09	2023-05-05	27950	ORF8	-	1598	16	0.010012515644555695																	extra																	
Mixture09	Mixture09	2023-05-05	27951	ORF8	-	1598	16	0.010012515644555695																	extra																	
Mixture09	Mixture09	2023-05-05	27952	ORF8	-	1598	19	0.011889862327909888																	extra																	
Mixture09	Mixture09	2023-05-05	27953	ORF8	-	1598	25	0.015644555694618274																	extra																	
Mixture09	Mixture09	2023-05-05	27954	ORF8	-	1598	31	0.01939924906132666																	extra																	
Mixture09	Mixture09	2023-05-05	27955	ORF8	-	1598	12	0.007509386733416771																	extra																	
Mixture09	Mixture09	2023-05-05	27956	ORF8	-	1598	19	0.011889862327909888																	extra																	
Mixture09	Mixture09	2023-05-05	27970	ORF8	T	1596	10	0.006265664160401002																								mut										
Mixture09	Mixture09	2023-05-05	27972	ORF8	T	1596	30	0.018796992481203006		mut																																
Mixture09	Mixture09	2023-05-05	28005	ORF8	T	1590	23	0.014465408805031447						mut																												
Mixture09	Mixture09	2023-05-05	28048	ORF8	T	1582	14	0.008849557522123894		mut																																
Mixture09	Mixture09	2023-05-05	28111	ORF8	G	800	7	0.00875		mut																																
Mixture09	Mixture09	2023-05-05	28144	ORF8	C	800	6	0.0075																					mut													
Mixture09	Mixture09	2023-05-05	28167	ORF8	A	800	8	0.01																					mut											mut		
Mixture09	Mixture09	2023-05-05	28209	ORF8	T	800	1	0.00125																										mut								
Mixture09	Mixture09	2023-05-05	28253	ORF8	T	1600	2	0.00125													mut																					
Mixture09	Mixture09	2023-05-05	28271		G	1599	3	0.001876172607879925																										mut								
Mixture09	Mixture09	2023-05-05	28271		-	1599	114	0.07129455909943715	extra																																	
Mixture09	Mixture09	2023-05-05	28272		T	1599	1	0.0006253908692933083																	mut																	
Mixture09	Mixture09	2023-05-05	28272		-	1599	9	0.005628517823639775	extra																																	
Mixture09	Mixture09	2023-05-05	28280	N	C	1599	8	0.0050031269543464665		mut																																
Mixture09	Mixture09	2023-05-05	28281	N	T	1599	0	0.0		mut																																
Mixture09	Mixture09	2023-05-05	28282	N	A	1599	3	0.001876172607879925		mut																																
Mixture09	Mixture09	2023-05-05	28447	N	G	800	8	0.01				mut																														
Mixture09	Mixture09	2023-05-05	28461	N	G	800	3	0.00375																												mut						
Mixture09	Mixture09	2023-05-05	28472	N	T	800	15	0.01875																								mut										
Mixture09	Mixture09	2023-05-05	28512	N	G	800	5	0.00625																																mut		
Mixture09	Mixture09	2023-05-05	28628	N	T	800	2	0.0025													mut																					
Mixture09	Mixture09	2023-05-05	28699	N	G	1598	6	0.0037546933667083854																							mut											
Mixture09	Mixture09	2023-05-05	28724	N	T	1586	17	0.010718789407313998																						mut												
Mixture09	Mixture09	2023-05-05	28791	N	T	800	4	0.005					mut																													
Mixture09	Mixture09	2023-05-05	28878	N	A	800	4	0.005																					mut													
Mixture09	Mixture09	2023-05-05	28881	N	T	800	1	0.00125										mut														mut				mut						
Mixture09	Mixture09	2023-05-05	28887	N	T	800	1	0.00125						mut																					mut							
Mixture09	Mixture09	2023-05-05	28896	N	-	800	8	0.01																										extra								
Mixture09	Mixture09	2023-05-05	28897	N	-	800	10	0.0125																										extra								
Mixture09	Mixture09	2023-05-05	28898	N	-	800	12	0.015																										extra								
Mixture09	Mixture09	2023-05-05	28913	N	T	800	3	0.00375																														mut				
Mixture09	Mixture09	2023-05-05	28958	N	A	800	2	0.0025																		mut																
Mixture09	Mixture09	2023-05-05	28975	N	T	800	0	0.0													mut																					
Mixture09	Mixture09	2023-05-05	29311	N	T	1600	9	0.005625																													mut	mut				
Mixture09	Mixture09	2023-05-05	29386	N	T	1600	12	0.0075				mut																														
Mixture09	Mixture09	2023-05-05	29402	N	T	1600	2	0.00125																								mut										
Mixture09	Mixture09	2023-05-05	29465	N	A	1599	28	0.017510944340212633					mut																													
Mixture09	Mixture09	2023-05-05	29540		A	1595	38	0.023824451410658306																									mut									
Mixture09	Mixture09	2023-05-05	29543		T	1594	3	0.0018820577164366374																							mut											
Mixture09	Mixture09	2023-05-05	29625	ORF10	T	800	10	0.0125																															mut			
Mixture09	Mixture09	2023-05-05	29645	ORF10	T	800	0	0.0																									mut									
